,Fresh,Milk,Grocery,Frozen,Detergents_Paper,Delicatessen,Total Expenditures,ICA1,ICA2,ICA3,ICA4,ICA5,ICA6,0.575178417,0.776908552,0.74067988,0.388435912,0.633881832,0.496848605,<- originals
85,16117,46197,92780,1026,40827,2944,199891,3557.821493,5771.827591,-78933.80675,2652.198196,11785.57349,621.0613818,0.483783494,-0.367129703,-0.67573119,-0.195871366,-0.003213588,0.369026762,<- new
47,44466,54259,55571,7782,24171,6465,192714,12194.15406,-52763.65061,-31693.73496,1725.20672,12033.49458,4243.05031,,,,,,,
181,112151,29627,18148,16745,4948,8550,190169,38745.14905,-27772.02769,887.5797874,291.9703715,10347.63875,5717.922442,,,,,,,
183,36847,43950,20170,36534,239,47943,185683,1068.512284,10318.77927,15888.12254,-5126.864371,3868.321657,48540.98821,,,,,,,
61,35942,38369,59598,3254,26701,2017,165881,11212.603,-14561.18409,-42958.4203,3012.91238,8181.957315,-38.3733854,,,,,,,
86,22925,73498,32114,987,20070,903,150497,3649.098575,-144174.7716,4762.714159,6055.009603,559.3879028,-542.9001157,,,,,,,
325,32717,16784,13626,60869,1272,5609,130877,5141.932534,4770.242145,132.1746958,-58539.90994,9657.622728,3249.191545,,,,,,,
333,8565,4980,67298,131,38102,1215,120291,5376.350377,73904.22617,-62242.42416,3218.465896,-36448.35504,329.077317,,,,,,,
23,26373,36423,22019,5154,4337,16523,110829,3676.377536,-23829.50579,5218.338101,10473.69333,22176.45512,16312.82765,,,,,,,
211,12119,28326,39694,4736,19410,2870,107155,2166.143935,-10116.44902,-21286.53152,765.5885598,-678.232958,1988.730619,,,,,,,
125,76237,3473,7102,16538,778,918,105046,27365.73314,16310.42749,3851.234856,-6995.934024,7078.596397,-1008.24493,,,,,,,
284,68951,4411,12609,8692,751,2406,97820,24415.65301,24296.11857,-1495.272244,1738.189026,18584.66446,781.6643991,,,,,,,
92,9198,27472,32034,3232,18906,5130,95972,1323.111897,-15639.25665,-10954.15954,4145.251739,-14582.4046,4785.096376,,,,,,,
251,6134,23133,33586,6746,18594,5121,93314,79.94753041,-1206.179428,-14785.98061,-315.6503203,-12526.89913,4729.348923,,,,,,,
65,85,20959,45828,36,24231,1423,92562,-900.4357477,12023.88987,-30635.29531,3842.524341,-10008.22224,884.4790433,,,,,,,
103,56082,3504,8906,18028,1480,2498,90498,19124.4309,21890.76827,2849.915725,-9603.525039,6583.160541,1052.16167,,,,,,,
56,4098,29892,26866,2616,17740,1340,82552,-391.2116668,-34820.24836,-4453.361667,2474.758537,-14526.2151,985.8895225,,,,,,,
145,22039,8384,34792,42,12591,4430,82278,6871.77267,42004.55435,-23208.00258,7621.64426,12023.84567,3801.127654,,,,,,,
87,43265,5025,8117,6312,1579,14351,78649,13533.18568,35038.4702,9396.494369,9821.546817,-2033.591647,14386.75925,,,,,,,
437,14531,15488,30243,437,14841,1867,77407,4270.575267,10717.94999,-14787.01846,5547.190463,-1195.850285,1357.647811,,,,,,,
435,29703,12051,16027,13135,182,2204,73302,7558.255332,11830.81749,-1895.560631,-7066.83972,31152.14049,1088.397164,,,,,,,
258,56083,4563,2124,6422,730,3321,73243,20004.43819,9546.472712,13009.79858,4560.372134,-504.2658252,2492.714917,,,,,,,
49,4967,21412,28921,1798,13583,1163,71844,-233.1281389,-6275.600407,-11000.55144,2853.969323,4703.20596,713.9175111,,,,,,,
39,56159,555,902,10002,212,2916,70746,20148.4288,18268.40534,12576.03271,272.5550859,-2408.936351,2027.765203,,,,,,,
259,53205,4959,7336,3012,967,818,70297,19039.7708,12101.90267,6174.61394,6265.708885,11435.78375,-195.2215113,,,,,,,
427,31012,16687,5429,15082,439,1163,69812,8375.608515,-18345.95796,12975.33327,-8874.547804,12366.3445,209.2873279,,,,,,,
216,2532,16599,36486,179,13308,674,69778,-1158.763554,17330.05734,-22472.65027,3499.147878,19187.55443,82.45177361,,,,,,,
176,45640,6958,6536,7368,1532,230,68264,15796.90881,4942.255543,7838.127099,428.6337239,8080.639373,-765.3524559,,,,,,,
319,9759,25071,17645,1128,12408,1625,67636,1818.659392,-31670.00607,4635.666109,5188.911256,-10349.88133,1435.916912,,,,,,,
77,12205,12697,28540,869,12034,1009,67354,3172.661389,16604.4269,-14313.72422,4268.872616,7646.44451,492.4044721,,,,,,,
282,49063,3965,4252,5970,1041,1404,65695,17428.03258,11275.41971,9878.093303,3135.344581,4015.325299,559.4153362,,,,,,,
28,4113,20484,25957,1158,8604,5206,65522,-1713.617601,2421.906599,-7125.891573,5892.861811,17166.98945,5042.175354,,,,,,,
196,30624,7209,4897,18711,763,2876,65080,8712.475246,8391.64323,10383.13768,-12060.74992,4253.381621,2089.360336,,,,,,,
331,11223,14881,26839,1234,9606,1102,64885,2165.181552,10646.88437,-11687.54795,3853.18971,15728.0132,561.9162509,,,,,,,
163,5531,15726,26870,2367,13726,446,64666,673.8217817,4155.332767,-10752.43237,1912.41465,-1293.091854,67.88999089,,,,,,,
71,18291,1266,21042,5373,4173,14472,64617,3712.029134,63587.98256,-7006.387461,7836.986307,10647.41186,14784.02862,,,,,,,
201,4484,14399,24708,3549,14235,1681,63056,404.7379478,5979.297829,-8078.999813,1408.265271,-9328.361825,1484.879921,,,,,,,
12,31714,12319,11757,287,3881,2931,62889,10161.23561,1150.389685,5491.389997,8665.723906,9331.134135,2473.721556,,,,,,,
45,5181,22044,21531,1740,7353,4985,62834,-1420.526152,-7705.450596,-1228.977614,5493.320274,14950.11181,4862.697182,,,,,,,
239,47493,2567,3779,5243,828,2253,62163,16871.08046,15738.12288,10297.6628,4340.993243,3048.293496,1553.67504,,,,,,,
165,15615,12653,19858,4425,7108,2379,62038,3674.205303,10084.46286,-4056.895277,1772.263294,10764.65999,1929.84596,,,,,,,
171,200,25862,19816,651,8773,6250,61552,-3383.192699,-19427.26549,3312.023394,7325.702206,6282.4919,6416.253858,,,,,,,
24,22647,9776,13792,2915,4482,5778,59390,6300.980959,15582.07966,3024.732887,6450.35861,6893.767226,5622.396104,,,,,,,
202,25203,11487,9490,5065,284,6854,58383,6313.65771,10015.45748,8504.340582,5015.879893,16241.91982,6652.106415,,,,,,,
265,5909,23527,13699,10155,830,3636,57756,-2545.264015,-19282.54755,7159.984979,-4530.482526,28596.26236,3207.523551,,,,,,,
382,34454,7435,8469,2540,1711,2893,57502,11278.22884,10781.64053,7203.268448,6396.100238,10321.55227,2415.884025,,,,,,,
384,10683,21858,15400,3635,282,5120,56978,-439.1800199,-10268.07394,5020.395648,3991.990887,33498.52971,4829.992451,,,,,,,
253,29526,7961,16966,432,363,1391,56639,8761.623984,21265.83764,-3799.523618,6705.111915,34253.64213,638.9106164,,,,,,,
349,5981,14641,20521,2005,12218,445,55811,1057.294497,-1519.487675,-3254.751757,2761.138891,-6869.572887,261.4765606,,,,,,,
142,37036,7152,8253,2995,20,3,55459,12261.50169,7974.357562,6097.68613,4274.340099,19531.54809,-786.0066417,,,,,,,
347,27380,7184,12311,2809,4621,1022,55327,9027.046679,12104.74256,2401.857053,4193.332663,6621.561307,523.8135033,,,,,,,
52,40721,3916,5876,532,2587,1278,54910,14717.66328,12158.00284,8793.297005,8449.055831,2008.479505,771.9989189,,,,,,,
93,11314,3090,2062,35009,71,2698,54244,347.3599442,17452.05941,11792.42425,-32220.40805,-2120.245583,1972.549186,,,,,,,
200,3067,13240,23127,3941,9959,731,54065,-771.6448354,8899.214829,-7463.31609,130.4233716,6779.916311,432.023241,,,,,,,
22,31276,1917,4469,9408,2381,4334,53785,10265.43916,21532.8746,10380.54585,-523.4600646,-4708.718864,4051.437797,,,,,,,
14,24653,9465,12091,294,5058,2168,53729,7903.195734,7139.002551,4266.570517,7573.58828,4800.855313,1879.809746,,,,,,,
13,21217,6208,14982,3095,6707,602,52811,6951.058525,16534.13475,-924.7287744,2965.782099,2743.072039,187.6077676,,,,,,,
370,39679,3944,4955,1364,523,2235,52700,13776.41653,14140.39031,9888.917472,7950.311844,8316.502081,1763.392655,,,,,,,
335,27082,6817,10790,1365,4111,2139,52304,8911.809368,12834.34155,4585.783564,6566.655364,5232.014907,1812.3776,,,,,,,
343,1689,6964,26316,1456,15469,37,51931,400.0306051,24040.51899,-12911.03921,2376.137388,-12312.50172,-67.76520104,,,,,,,
306,6468,12867,21570,1840,7558,1543,51846,270.0221655,10548.35096,-5748.700518,3285.438923,13816.4667,1274.646812,,,,,,,
351,1210,10044,22294,1741,12638,3137,51064,-729.4046812,17324.00585,-6175.42438,4089.781355,-9146.485721,3265.666843,,,,,,,
29,43088,2100,2609,1200,1107,823,50927,15715.00066,12404.00664,11768.47193,7772.135837,1870.673009,305.85935,,,,,,,
141,30379,13252,5189,321,51,1450,50642,9322.804662,-10349.09106,13240.65476,7927.011801,15499.34073,1025.50723,,,,,,,
407,7362,12844,18683,2854,7883,553,50179,910.0811773,4349.240495,-2403.88787,1860.050311,7618.980219,277.2431293,,,,,,,
111,12579,11114,17569,805,6457,1519,50043,2943.977663,9541.603517,-1635.322046,5209.897532,10511.28008,1272.655655,,,,,,,
301,5283,13316,20399,1809,8752,172,49731,226.0522666,4368.573217,-4220.941933,2551.759246,7864.613349,-91.23740034,,,,,,,
40,24025,4332,4757,9510,1145,5864,49633,6738.132171,19523.80005,11446.12702,-408.1394042,1038.005771,5770.72771,,,,,,,
33,29729,4786,7326,6130,361,1083,49415,9366.859879,14752.82455,6825.501172,789.6898789,14143.05932,512.9164871,,,,,,,
209,5550,12729,16767,864,12420,797,49127,1368.614438,-2017.107859,1096.552973,4509.693242,-15461.07992,846.670432,,,,,,,
46,3103,14069,21955,1668,6792,1452,49039,-1331.365543,8653.37811,-5795.132287,3072.910195,18579.22385,1207.219822,,,,,,,
129,42312,926,1510,1718,410,1819,48695,15293.86421,16067.56149,12901.44871,7750.35138,1479.699595,1405.581764,,,,,,,
63,9396,11601,15775,2896,7677,1295,48640,1884.860372,4407.387681,956.6398827,2640.449065,1894.795564,1135.707206,,,,,,,
109,1406,16729,28986,673,836,3,48633,-3690.03648,15425.6109,-15113.29272,2322.484943,60191.99205,-735.5614,,,,,,,
436,39228,1431,764,4510,93,2346,48372,13763.15029,15120.67086,14050.0974,4680.843095,696.7360521,1963.951667,,,,,,,
273,36817,3045,1493,4802,210,1824,48191,12679.79878,11218.17477,13663.78025,3793.705582,2629.292326,1408.78992,,,,,,,
268,11908,8053,19847,1069,6374,698,47949,2847.578971,19843.1375,-5954.025735,4126.420723,14721.69191,358.6709953,,,,,,,
124,36050,1642,2961,4787,500,1621,47561,12485.54302,16587.88684,11276.95346,3500.97622,3816.525542,1184.645696,,,,,,,
67,19913,6759,13462,1256,5141,834,47365,6257.579594,14381.3715,1237.626431,5115.806194,7209.187186,521.5085649,,,,,,,
205,1107,11711,23596,955,9265,710,47344,-1387.679312,13978.97628,-8438.162068,3232.743622,10918.918,528.4108593,,,,,,,
37,15168,10556,12477,1920,6506,714,47341,4358.617631,1823.133551,4267.685818,4081.597228,953.4511368,508.0077832,,,,,,,
401,27167,2801,2128,13223,92,1902,47313,8225.716834,14266.16935,12478.8214,-6615.691685,2710.83969,1430.96064,,,,,,,
107,8797,10646,14886,2471,8969,1438,47207,2066.036698,4606.732642,2062.155056,3285.425844,-5740.394135,1398.132117,,,,,,,
304,161,7460,24773,617,11783,2410,47204,-1105.148311,27401.99722,-10549.17954,4551.105977,-775.8546857,2466.890337,,,,,,,
240,22096,3575,7041,11422,343,2564,47041,5941.283904,20687.14675,7055.748508,-4980.541788,11100.69432,2133.106265,,,,,,,
377,38793,3154,2648,1034,96,1242,46967,13674.55209,11434.83217,12256.18231,7791.226901,6594.2295,811.4831349,,,,,,,
36,29955,4362,5428,1729,862,4626,46962,9645.316319,17749.13069,10570.94108,8117.141375,6116.826544,4518.254506,,,,,,,
406,25066,5010,5026,9806,1092,960,46960,7555.377378,10330.71573,9847.584552,-3637.312871,6242.860132,475.6722079,,,,,,,
426,13134,9347,14316,3141,5079,1894,46911,3038.472348,11158.40495,1539.97854,2990.565249,8943.024579,1685.845135,,,,,,,
9,6006,11093,18881,1159,7425,2098,46662,368.7145062,11996.68279,-2747.129996,4531.935884,8436.798434,2013.771444,,,,,,,
276,27901,3749,6964,4479,603,2503,46199,8766.728492,18882.50326,7568.022078,3388.21168,11242.50182,2156.928861,,,,,,,
43,630,11095,23998,787,9529,72,46111,-1417.164457,14952.11704,-9292.501526,2969.197595,10921.63345,-135.8503556,,,,,,,
155,1989,10690,19460,233,11577,2153,46102,-312.5926348,10451.22614,-2673.019042,5444.484233,-8390.498715,2302.508121,,,,,,,
4,22615,5410,7198,3915,1777,5185,46100,6511.978511,18342.91666,9139.908953,5258.754195,5147.355636,5167.515096,,,,,,,
285,40254,640,3600,1042,436,18,45990,14608.04845,17137.12658,9731.135848,7077.532027,7001.537352,-521.4742079,,,,,,,
100,11594,7779,12144,3252,8035,3029,45833,3184.045029,11200.2852,4632.361162,3732.067623,-9515.503579,3117.274269,,,,,,,
127,21465,7243,10685,880,2386,2749,45408,6263.254867,14239.31546,5038.127506,6908.89217,12540.93779,2553.932399,,,,,,,
289,42786,286,471,1388,32,22,44985,15733.35645,13534.27885,13413.85529,7128.966477,2609.052038,-482.2882558,,,,,,,
38,4591,15729,16709,33,6956,433,44451,-302.7921949,-5753.460047,1363.591856,4886.264262,9888.581371,303.6189857,,,,,,,
309,918,20655,13567,1465,6846,806,44257,-2145.798186,-22459.90957,7370.654648,3477.069664,5790.877191,786.4638468,,,,,,,
393,23632,6730,3842,8620,385,819,44028,6861.072795,4359.777713,12006.79498,-2426.326645,8195.050007,392.5368786,,,,,,,
311,29635,2335,8280,3046,371,117,43784,9791.256947,20763.48241,4656.917861,3583.191489,16558.90359,-424.5346839,,,,,,,
312,2137,3737,19172,1274,17120,142,43582,1647.062937,20139.34881,-4639.457327,3294.952518,-34047.72277,384.7476475,,,,,,,
73,19899,5332,8713,8132,764,648,43488,5321.561651,15004.96973,5439.89606,-2687.207755,15551.20641,166.8326483,,,,,,,
283,25767,3613,2013,10303,314,1384,43394,7904.457541,10719.66706,13113.57198,-3708.893392,3003.152896,999.1715377,,,,,,,
18,18601,6327,10099,2205,2767,3181,43180,5185.469634,16329.36987,5650.472119,5470.880907,8909.930657,3084.578964,,,,,,,
254,10379,17972,4748,4686,1547,3265,42597,826.7153992,-20508.92653,16842.49627,2504.400503,8168.599236,3287.933501,,,,,,,
403,25606,11006,4604,127,632,288,42263,7910.836901,-7590.701567,13125.96173,7069.809824,12367.00029,-34.26324794,,,,,,,
266,572,9763,22182,2221,4882,2563,42183,-2529.168876,23855.82924,-7641.130581,2709.111965,24800.70051,2425.972675,,,,,,,
226,20782,5921,9212,1759,2568,1553,41795,6300.6321,13452.81697,6073.257176,5235.056246,9422.991507,1338.897252,,,,,,,
89,24904,3836,5330,3443,454,3178,41145,7640.615656,17376.05354,10079.6432,4829.473542,8654.335593,3031.117477,,,,,,,
42,10850,7555,14961,188,6899,46,40499,3013.164007,12068.54373,147.8519577,5044.386539,3977.799183,-91.5236326,,,,,,,
279,17360,6200,9694,1293,3620,1721,39888,5118.90107,12906.21798,5968.735083,5589.43289,5947.26075,1621.946935,,,,,,,
30,18815,3610,11107,1148,2134,2963,39777,5403.715739,25065.95489,3243.563738,6402.143226,12999.88954,2859.571807,,,,,,,
173,514,7677,19805,937,9836,716,39485,-919.7564918,18195.35907,-4956.91944,3477.62272,-49.37606596,752.8826213,,,,,,,
215,2806,10765,15538,1374,5828,2388,38699,-1039.189385,9725.44782,1350.359018,4350.733976,8899.254803,2464.987593,,,,,,,
101,1420,10810,16267,1593,6766,1838,38694,-1402.927839,9100.562491,471.2042591,3643.462466,6684.290715,1903.795665,,,,,,,
413,4983,4859,6633,17866,912,2435,37688,-1245.355562,17319.82273,8312.489226,-13787.83556,7764.924659,2203.096448,,,,,,,
353,117,6264,21203,228,8682,1111,37605,-1275.788213,25631.02691,-7288.815804,4290.462694,6911.77909,1139.988103,,,,,,,
255,31614,489,1495,3242,111,615,37566,11043.38499,16097.60358,12678.53325,4329.921992,3816.087132,313.3051272,,,,,,,
188,8040,7639,11687,2758,6839,404,37367,1872.060734,7797.369967,4385.603357,2355.817764,-2598.631544,389.5986828,,,,,,,
195,17023,5139,5230,7888,330,1755,37365,4226.281421,12397.17392,10228.40002,-1746.04758,10093.80152,1536.336004,,,,,,,
149,31812,1433,1651,800,113,1440,37249,11110.97864,14954.07393,13263.2488,7617.079246,4247.869254,1248.005965,,,,,,,
82,10362,9232,11009,737,3537,2342,37219,1952.139883,8322.314924,5921.594377,5915.373202,9741.734926,2374.274718,,,,,,,
421,17063,4847,9053,1031,3415,1784,37193,5126.190572,15717.16872,6301.850327,5918.07616,5180.831773,1738.237116,,,,,,,
376,3136,8630,13586,5641,4666,1426,37085,-1031.132478,12165.03783,2216.695331,-983.1169616,9439.146836,1359.905357,,,,,,,
402,26539,4753,5091,220,10,340,36953,8647.538026,10073.74771,10020.05953,6915.162054,13641.84297,42.26461289,,,,,,,
2,6353,8808,7684,2405,3516,7844,36610,-84.12030688,13481.97237,11665.20851,7258.998324,-1579.824273,8418.879642,,,,,,,
315,1479,14982,11924,662,3891,3508,36446,-2170.455293,-3354.77508,7679.827675,5955.249267,11351.94084,3729.562631,,,,,,,
424,16980,2884,12232,874,3213,249,36432,5190.509609,23435.71196,1018.802487,4869.176808,12681.93698,10.73116858,,,,,,,
112,19046,2770,2469,8853,483,2708,36329,5274.071157,15731.63344,13026.54495,-1892.684921,2279.938722,2612.446348,,,,,,,
380,28257,944,2146,3881,600,270,36098,9723.832764,15127.60996,12084.61911,3083.907236,3375.023618,-12.69721061,,,,,,,
334,16823,928,2743,11559,332,3486,35871,4236.913089,22691.92944,12058.72843,-4741.375527,1591.562027,3421.373944,,,,,,,
48,11519,6152,10868,584,5121,1476,35720,3113.243557,13295.70101,4930.439855,5722.453209,2218.306271,1519.46283,,,,,,,
346,2771,6939,15541,2693,6600,1115,35659,-521.7802733,17117.97142,-432.392168,2069.688323,5001.488905,1137.223185,,,,,,,
324,25977,3587,2464,2369,140,1092,35629,8492.868423,10393.11335,13046.28124,5082.287456,6637.532976,905.1349734,,,,,,,
41,19176,3065,5956,2033,2575,2802,35607,5965.70352,17980.26072,9593.947458,5755.625701,1211.544038,2855.037531,,,,,,,
431,8533,5506,5160,13486,1377,1498,35560,691.6155362,10884.08684,10459.74867,-8925.754717,4881.483458,1312.799961,,,,,,,
418,660,8494,18622,133,6740,776,35425,-1450.025628,16977.60266,-3583.861507,4368.573814,11663.65237,776.5185673,,,,,,,
373,15076,6257,7398,1504,1916,3113,35264,3839.516536,13067.99892,9131.422659,6077.958708,7946.555958,3185.0243,,,,,,,
218,18,7504,15205,1285,4797,6372,35181,-2467.068063,25126.3146,1666.036294,6541.177568,8228.805488,6813.272189,,,,,,,
293,3996,11103,12469,902,5952,741,35163,-173.8785698,1271.236017,4946.578813,4246.324969,4273.160671,799.8865353,,,,,,,
245,3062,6154,13916,230,8933,2784,35079,239.1365548,17041.7205,2433.147828,6147.076659,-9416.307947,3128.434474,,,,,,,
123,11170,10769,8814,2194,1976,143,35066,2086.07641,-1116.877567,8255.325214,3109.23492,14591.49262,-28.73234766,,,,,,,
140,17623,4280,7305,2279,960,2616,35063,4828.278463,18096.37736,8032.191946,5047.477403,11383.41663,2571.899293,,,,,,,
422,26400,1377,4172,830,948,1218,34945,9001.579675,18114.95149,10307.48505,6820.201288,5722.615578,1069.882033,,,,,,,
416,4389,10940,10908,848,6728,993,34806,232.3165121,-1006.379928,7083.623013,4659.11634,-2306.770568,1142.785767,,,,,,,
57,5417,9933,10487,38,7572,1282,34729,952.9590801,574.198374,7498.087676,5909.335767,-7252.255003,1506.530135,,,,,,,
54,27329,1449,1947,2436,204,1333,34698,9229.65979,15456.65078,12928.14235,5285.02954,4339.917278,1177.80655,,,,,,,
381,17770,4591,1617,9927,246,532,34683,4768.928928,6540.209265,14093.59471,-4461.034106,4121.276277,281.9631386,,,,,,,
94,5626,12220,11323,206,5038,244,34657,359.2644657,-3535.009821,6523.772573,4932.423338,7046.337425,251.3827518,,,,,,,
300,16448,6243,6360,824,2662,2005,34542,4766.452094,8950.301847,10260.9054,6422.039855,3826.5188,2049.606566,,,,,,,
156,3830,5291,14855,317,6694,3182,34169,48.78271233,23323.89049,598.7484552,6144.573032,1381.775605,3444.143673,,,,,,,
0,12669,9656,7561,214,2674,1338,34112,3009.925039,909.6927851,10013.05137,6331.984131,8135.161388,1355.17688,,,,,,,
230,11072,5989,5615,8321,955,2137,34089,1825.677949,11120.1768,10484.62561,-2512.094518,8227.583894,2061.472787,,,,,,,
396,4515,11991,9345,2644,3378,2213,34086,-651.1774432,-1083.138703,9116.65827,3322.153853,8274.418031,2329.786936,,,,,,,
70,16705,2037,3202,10643,116,1365,34068,4303.753126,17207.63963,11308.79266,-5030.537589,5877.215858,1147.756239,,,,,,,
354,14039,7393,2548,6386,1333,2341,34040,3264.178604,2422.247502,15105.61808,349.2335645,1487.243984,2373.150706,,,,,,,
10,3366,5403,12974,4400,5977,1744,33864,-301.991756,18870.00788,2201.208011,712.7502375,1416.358582,1835.757251,,,,,,,
371,20105,1887,1939,8164,716,790,33601,6098.096288,13826.17281,12868.14642,-2137.963109,1767.286378,596.3976743,,,,,,,
425,11243,2408,2593,15348,108,1886,33586,1766.553088,16821.17798,12226.3275,-10477.08131,3636.215023,1701.440324,,,,,,,
264,1073,9679,15445,61,5980,1265,33503,-1391.358125,10423.35352,940.5128621,5006.973195,9047.259571,1366.429372,,,,,,,
294,21273,2013,6550,909,811,1854,33410,6661.290201,21475.29146,7862.997422,6478.928685,10633.02376,1767.747053,,,,,,,
232,25962,1780,3838,638,284,834,33336,8729.512255,16516.14859,10695.85127,6761.338437,8544.347242,661.924576,,,,,,,
1,7057,9810,9568,1762,3293,1776,33266,619.3372034,4134.943258,7836.468197,4227.551886,8750.364475,1849.498645,,,,,,,
267,20893,1222,2576,3975,737,3628,33031,6420.832243,20642.85312,12940.23643,4341.411052,1021.594399,3727.532866,,,,,,,
241,24929,1801,2475,2216,412,1047,32880,8300.636824,14785.99287,12452.57459,5125.227133,4956.334402,916.6425605,,,,,,,
190,16936,6250,1981,7332,118,64,32681,4470.026292,1917.903071,14335.4302,-1887.963797,6991.114714,-157.8067915,,,,,,,
434,16731,3922,7994,688,2371,838,32544,5045.880397,15879.749,6902.451984,5715.962838,8361.877818,763.2285967,,,,,,,
81,219,9540,14403,283,7818,156,32419,-1172.567555,5841.348434,2234.298658,4192.045772,12.12608815,287.7250572,,,,,,,
44,9670,7027,10471,541,4618,65,32392,2374.165531,8650.365408,5351.400825,4769.168665,5330.70743,42.28494919,,,,,,,
25,16165,4230,7595,201,4003,57,32251,5271.501413,11749.27331,7644.286983,5873.054176,1439.314067,15.55116837,,,,,,,
328,16933,2209,3389,7849,210,1534,32124,4558.683595,16956.91059,11416.15927,-1747.328317,6349.126074,1403.026371,,,,,,,
20,17546,4519,4602,1066,2259,2124,32116,5348.998252,11264.84171,11772.26732,6407.406737,1481.994974,2216.864131,,,,,,,
404,18073,4613,3444,4324,914,715,32083,5270.820001,8450.151914,12366.55593,1923.104877,5711.176262,597.8734027,,,,,,,
332,22321,3216,1447,2208,178,2602,31972,6998.250865,12318.58264,14826.06767,5934.762344,3312.068182,2649.776938,,,,,,,
180,12356,6036,8887,402,1382,2794,31857,2681.801703,15899.57735,7156.114876,6744.290946,13628.21614,2874.008236,,,,,,,
358,759,18664,1660,6114,536,4100,31833,-3252.294978,-24310.65005,21423.90695,740.7557141,6454.235025,4426.50621,,,,,,,
126,19219,1840,1658,8195,349,483,31744,5721.766903,13385.12914,13093.64807,-2436.284743,3133.601031,287.034607,,,,,,,
159,355,7704,14682,398,8077,303,31519,-947.8507314,11074.56113,1260.212111,4129.074751,-1416.497508,459.94493,,,,,,,
193,180,3485,20292,959,5618,666,31200,-1591.947407,33526.16779,-7875.585355,3056.858383,17810.60674,616.4855537,,,,,,,
420,4456,5266,13227,25,6818,1393,31185,633.295657,17848.05374,2176.411695,5581.800566,-578.4415807,1588.210564,,,,,,,
244,6202,7775,10817,1183,3143,1970,31090,364.0161785,11789.57201,5584.221962,4790.407024,11002.67063,2071.793294,,,,,,,
281,12238,7108,6235,1093,2328,2079,31081,2932.821388,7111.052503,10864.39392,5794.82318,5427.680497,2199.778758,,,,,,,
118,20049,1891,2362,5343,411,933,30989,6161.800482,14695.23768,12547.92862,1091.634601,4401.262709,812.9880113,,,,,,,
170,260,8675,13430,1116,7015,323,30819,-1260.70195,7652.483802,3001.550372,3371.34688,1054.134504,461.2557633,,,,,,,
303,2599,3688,13829,492,10069,59,30736,773.1756677,18012.54335,1018.002305,4194.235558,-13037.59418,287.2879093,,,,,,,
357,37,1275,22272,137,6747,110,30578,-1236.318284,40382.08167,-11142.34284,3515.615255,16470.60773,43.11114643,,,,,,,
166,4822,6721,9170,993,4973,3637,30316,228.0746401,13107.45628,8175.843485,6112.030025,-1793.884963,4018.319795,,,,,,,
189,834,11577,11522,275,4027,1856,30091,-1882.81799,2127.152539,6519.896287,5327.180235,10374.11762,2052.7648,,,,,,,
287,15354,2102,2828,8366,386,1027,30063,4030.111869,15517.79823,12002.53803,-2726.978139,4903.417827,907.8247531,,,,,,,
187,2438,8002,9819,6269,3459,3,29990,-1161.982139,6869.015306,6174.743538,-2399.012652,8612.305124,-59.20982793,,,,,,,
62,7823,6245,6544,4154,4074,964,29804,1504.026903,6988.159022,10053.08853,1322.276076,-1420.75999,1067.488665,,,,,,,
415,7842,6046,8552,1691,3540,1874,29545,1364.011247,12291.42653,7774.221811,4476.604923,4328.018949,2030.798833,,,,,,,
7,7579,4956,9426,1669,3321,2566,29517,1182.482306,17792.80162,6420.940024,4800.857129,5925.729554,2753.764466,,,,,,,
423,17565,3686,4657,1059,1803,668,29438,5482.155814,11585.27031,10886.71066,5493.058957,4566.359557,655.3434577,,,,,,,
74,8190,6343,9794,1285,1901,1780,29293,1096.806044,14666.20181,6002.060026,4724.616019,14055.28725,1837.591654,,,,,,,
234,15603,2703,3833,4260,325,2563,29287,4119.686456,17610.613,11698.52971,2806.652968,6813.21291,2624.977786,,,,,,,
53,491,10473,11532,744,5611,224,29075,-1459.159371,1069.534493,5864.034253,3849.412881,4445.553563,363.2870789,,,,,,,
323,13360,944,11593,915,1679,573,29064,3605.609283,29533.27976,1093.039035,4636.511376,17359.46168,440.1534301,,,,,,,
177,12759,7330,4533,1752,20,2631,29025,2648.130313,6868.851747,12824.26567,5434.910508,11740.04512,2745.678452,,,,,,,
432,21117,1162,4754,269,1328,395,29025,7087.248337,18078.06814,9571.256432,6465.387742,6173.092314,321.640005,,,,,,,
237,18692,3838,593,4634,28,1215,29000,5506.125954,7668.130123,15679.98065,2092.407024,3445.370545,1193.168882,,,,,,,
136,4625,8579,7030,4575,2447,1542,28798,-422.4317737,4176.752543,10294.05523,817.0508269,6955.169527,1648.976363,,,,,,,
296,19087,1304,3643,3045,710,898,28687,5970.593041,17697.8249,10951.29488,3498.793686,5869.360398,839.3558117,,,,,,,
368,22335,1196,2406,2046,101,558,28642,7324.617223,15835.97794,12241.11553,4772.749052,6559.624347,459.3292356,,,,,,,
91,12754,2762,2530,8693,627,1117,28483,2977.824877,13407.02702,12782.07966,-3225.481115,3499.508703,1062.645468,,,,,,,
262,23257,1372,1677,982,429,655,28372,7851.280113,13981.41505,13375.25605,6197.367926,3946.164241,608.096068,,,,,,,
277,9061,829,683,16919,621,139,28252,1337.032713,14984.52384,13628.48305,-13351.75583,-1430.378524,-60.82051159,,,,,,,
360,19746,2872,2006,2601,468,503,28196,6221.559344,10595.53861,13492.5255,3958.53833,4855.672722,446.1231903,,,,,,,
365,4692,6128,8025,1619,4515,3105,28084,217.5286875,12505.82408,9144.84294,5124.427451,-1805.628242,3467.864629,,,,,,,
409,8708,3634,6100,2349,2123,5137,28051,1392.271404,21319.71349,10638.66613,5862.074371,1997.886438,5554.429356,,,,,,,
221,5396,7503,10646,91,4167,239,28042,543.7132726,8484.625788,5494.301049,4976.295572,7939.060528,313.7946176,,,,,,,
175,2343,7845,11874,52,4196,1697,28007,-918.4190307,11918.64914,4607.04477,5544.939071,9080.519158,1896.193886,,,,,,,
214,2362,6551,11364,913,5957,791,27938,-367.3645941,11588.64323,4742.590232,4142.584451,594.6204585,988.7102344,,,,,,,
164,5224,7603,8584,2540,3674,238,27863,328.7989405,5723.463777,7902.731999,2319.939253,5738.217685,298.381737,,,,,,,
83,20874,1563,1783,2320,550,772,27862,6804.052303,13953.76022,13356.46248,4542.799982,3387.848537,743.8993927,,,,,,,
298,6758,4560,9965,934,4538,1037,27792,1317.035856,16094.18922,5436.473167,4656.250443,3039.63404,1183.313515,,,,,,,
16,1020,8816,12121,134,4508,1080,27679,-1419.673769,8562.913191,4575.757344,4973.830119,9116.275544,1252.381913,,,,,,,
387,20918,1916,1573,1960,231,961,27559,6743.104104,13256.84522,13786.4395,5072.905768,4426.051009,949.2546515,,,,,,,
32,21632,1318,2886,266,918,405,27425,7310.116155,15149.91933,11939.61175,6646.338783,4505.098482,372.5296033,,,,,,,
341,2320,5763,11238,767,5162,2158,27408,-605.1884128,16331.24356,4885.734407,5086.327703,2369.245277,2446.194571,,,,,,,
3,13265,1196,4221,6404,507,1788,27381,3269.305677,21037.52049,10364.2308,-341.1494224,6513.201835,1795.324342,,,,,,,
106,1454,6337,10704,133,6830,1831,27289,-542.902952,11994.02581,6063.656975,5675.166898,-5221.89515,2197.622772,,,,,,,
182,694,8533,10518,443,6907,156,27251,-852.592714,3283.210316,6656.439979,4292.539552,-3670.172561,395.3566255,,,,,,,
305,243,12939,8852,799,3909,211,26953,-1955.59927,-7999.563678,9940.345528,3907.621972,7767.917573,365.1647855,,,,,,,
75,20398,1137,3,4407,3,975,26923,6487.958616,13351.51245,15298.19235,2360.928502,1675.079115,959.8227286,,,,,,,
152,18840,1371,3135,3001,352,184,26883,5901.796605,15915.38804,11373.12103,3115.189398,7162.358102,89.46878121,,,,,,,
197,2427,7097,10391,1127,4314,1468,26824,-752.1166673,11215.2942,6093.200238,4307.535045,5491.569731,1682.29296,,,,,,,
356,22686,134,218,3157,9,548,26752,7599.586377,15394.95764,14528.68015,3689.860414,2246.437341,495.077863,,,,,,,
242,18226,659,2914,3752,586,578,26715,5689.607564,17956.59348,11509.59755,2468.801113,4984.915955,525.7138891,,,,,,,
5,9413,8259,5126,666,1795,1451,26710,1765.472464,1935.177065,12598.26247,5723.655961,6881.391946,1614.469284,,,,,,,
430,3097,4230,16483,575,241,2080,26706,-1491.539665,32559.20398,-3302.681411,4612.73624,33131.26953,2036.67341,,,,,,,
417,5065,5499,11055,364,3485,1063,26531,313.426074,16304.65923,4333.85432,5037.499892,10182.57027,1184.757774,,,,,,,
138,13537,4257,5034,155,249,3271,26503,3278.502188,16297.59853,11352.68526,7631.224319,10334.64276,3490.112525,,,,,,,
6,12126,3199,6975,480,3140,545,26465,3546.581436,15217.84192,8195.336523,5482.371912,3370.832282,630.2838107,,,,,,,
157,17773,1366,2474,3378,811,418,26220,5565.088944,14962.33338,12380.5433,2813.483896,3683.973971,389.7265167,,,,,,,
210,18567,1895,1393,1801,244,2100,26000,5717.433293,14931.63187,14455.47654,5750.891247,3161.934534,2232.458204,,,,,,,
158,2861,6570,9618,930,4004,1682,25665,-558.9571599,11979.25481,6895.52541,4734.55202,5050.103877,1932.105342,,,,,,,
160,1725,3651,12822,824,4424,2157,25603,-916.0852931,24957.38784,1954.640838,4772.223568,7799.423669,2405.969959,,,,,,,
102,2932,6459,7677,2561,4573,1386,25588,-361.089779,8458.785213,9221.188146,2895.644345,-1197.228246,1651.354069,,,,,,,
120,17160,1200,3412,2417,174,1136,25499,5135.487802,18484.74284,11318.5244,4171.889081,7759.867332,1150.492846,,,,,,,
198,11686,2154,6824,3527,592,697,25480,2721.939857,20507.71046,7377.522046,1934.408028,13024.87654,651.3771611,,,,,,,
217,18044,1475,2046,2532,130,1158,25385,5529.65009,15712.91709,13127.91505,4241.611802,5418.931311,1193.829694,,,,,,,
144,18827,3677,1988,118,516,201,25327,5997.832829,7738.890756,13977.74351,6525.500507,5772.535868,212.2272139,,,,,,,
322,15881,713,3315,3703,1470,229,25311,4950.856274,17186.48751,11166.27563,2125.664705,2324.527437,219.4182567,,,,,,,
84,11867,3327,4814,1178,3837,120,25143,3709.684907,10338.99759,10966.91679,4622.041316,-3418.461805,256.3988015,,,,,,,
302,2886,5302,9785,364,6236,555,25128,166.6749151,11717.24752,6303.368736,4790.364028,-3701.014364,821.9281323,,,,,,,
114,18044,1080,2000,2555,118,1266,25063,5551.201618,16858.69521,13066.55321,4278.257279,5143.492297,1314.965906,,,,,,,
248,15671,5279,2406,559,562,572,25049,4521.524211,4929.263221,14253.6562,5965.143924,6640.537711,633.1468095,,,,,,,
307,17327,2374,2842,1149,351,925,24968,5281.136281,13920.90145,12555.03327,5568.018295,6811.861484,970.401373,,,,,,,
310,7034,1492,2405,12569,299,1117,24916,492.7378891,17422.759,12334.91808,-8150.051583,3630.47175,1085.2495,,,,,,,
178,11002,7075,4945,1152,120,395,24689,2240.046739,4505.420695,11686.90468,4575.627917,14178.58379,405.7378965,,,,,,,
243,11210,3576,5119,561,1682,2398,24546,2767.182781,15677.69703,11042.81265,6501.72075,4788.983418,2646.553576,,,,,,,
162,15177,2024,3810,2665,232,610,24518,4301.978184,16157.32822,11035.58596,3381.313709,9044.479258,602.8383989,,,,,,,
59,6137,5360,8040,129,3084,1603,24353,817.3947038,13177.60774,8215.991142,5938.148196,5790.255866,1841.379811,,,,,,,
278,11693,2317,2543,5845,274,1409,24081,2683.082873,15135.81638,12899.54598,59.71493804,5339.098015,1481.220514,,,,,,,
297,8090,3199,6986,1455,3712,531,23973,1996.65935,14967.68635,8364.451245,4044.744233,874.9373514,694.3961663,,,,,,,
60,8590,3045,7854,96,4095,225,23905,2356.940542,15726.7781,7258.051717,5395.216994,1322.092274,380.3766076,,,,,,,
113,14438,2295,1733,3220,585,1561,23832,4052.295603,13551.6047,14127.26554,3450.447132,2798.390622,1700.029198,,,,,,,
314,10617,1795,7647,1483,857,1233,23632,2413.839159,23185.44462,6598.924511,4427.472025,13311.04403,1295.028645,,,,,,,
338,3,333,7021,15601,15,550,23523,-2695.35999,27472.75301,5808.036204,-12945.74944,13195.30856,389.391346,,,,,,,
68,2446,7260,3993,5870,788,3095,23452,-1576.11825,7106.304756,13854.62909,224.5544411,6493.140419,3393.931903,,,,,,,
19,7780,2495,9464,669,2518,501,23427,1587.541365,21558.79993,4783.426655,4617.934599,10665.89298,578.8661246,,,,,,,
213,3317,6602,6861,1329,3961,1215,23285,-194.6763228,6958.462513,10252.10447,4254.504118,415.4475356,1506.274513,,,,,,,
408,8257,3880,6407,1646,2730,344,23264,1844.221183,12874.45323,9118.233492,3729.548262,4437.327518,466.9426631,,,,,,,
340,381,4025,9670,388,7271,1371,23106,-583.703011,15375.61902,6490.196186,5086.223844,-9498.367166,1802.509805,,,,,,,
104,14100,2132,3445,1336,1491,548,23052,4244.704991,14022.68578,11894.72802,4857.049329,3317.647442,651.4572848,,,,,,,
105,15587,1014,3970,910,139,1378,22998,4561.162299,20167.27882,10785.41811,5840.097065,9084.882086,1472.998841,,,,,,,
252,6623,1860,4740,7683,205,1693,22804,402.3622615,20611.33764,10041.40702,-2481.601586,9136.268169,1770.09821,,,,,,,
337,9351,1347,2611,8170,442,868,22789,1765.622691,17074.51342,12228.62306,-3119.819913,4447.823193,900.1968466,,,,,,,
35,688,5491,11091,833,4239,436,22778,-1237.19768,14935.04856,4375.556031,3780.396974,7610.068664,621.6254007,,,,,,,
72,4420,5139,2661,8872,1321,181,22594,-315.9955003,5651.622684,13684.28705,-4665.917454,2740.451126,232.3972084,,,,,,,
256,11092,5008,5249,453,392,373,22567,2540.093824,10020.51172,10615.20433,5324.580855,12993.36834,425.866152,,,,,,,
229,8656,2746,2501,6845,694,980,22422,1506.447701,13114.12625,13106.59164,-1568.018879,3876.615251,1069.855513,,,,,,,
88,7864,542,4042,9735,165,46,22394,1076.503883,20513.81579,9737.635598,-5662.735657,8476.950643,-41.26228107,,,,,,,
225,12680,3243,4157,660,761,786,22287,3410.46513,13237.26727,11456.05994,5561.357272,8232.674229,897.4438052,,,,,,,
397,11535,1666,1428,6838,64,743,22274,2704.929008,14335.0459,13782.88561,-1416.820355,4317.863921,784.0415104,,,,,,,
143,10405,1596,1096,8425,399,318,22239,2289.113968,13228.66782,14034.38628,-3528.951031,2282.956743,329.5461564,,,,,,,
150,16225,1825,1765,853,170,1067,21905,4926.072322,14098.15921,13812.78415,5959.407765,5390.796931,1196.330416,,,,,,,
257,8475,1931,1883,5004,3593,987,21873,2267.024777,11580.63502,14249.0242,708.0564247,-9790.76126,1257.8248,,,,,,,
207,2541,4737,6089,2946,5316,120,21749,-9.376265733,7873.566731,10357.41392,1800.151668,-6958.776861,396.1590327,,,,,,,
330,9790,1786,5109,3570,182,1043,21480,1984.520979,19824.14457,9548.286342,2035.069335,11257.93999,1116.480403,,,,,,,
249,8040,3795,2070,6340,918,291,21454,1350.902949,8387.312095,13957.12048,-1405.484201,3224.958159,371.344505,,,,,,,
132,14903,2032,2479,576,955,328,21273,4596.331987,12808.31637,12969.98384,5700.4915,4149.844412,440.7048608,,,,,,,
11,13146,1124,4523,1420,549,497,21259,3689.345021,19105.8411,9990.359802,4494.571009,9144.286032,562.635744,,,,,,,
339,2617,1188,5332,9584,573,1942,21236,-1246.628838,23698.53947,9178.111436,-4873.990818,7928.267517,2068.18218,,,,,,,
318,11800,2713,3558,2121,706,51,20949,3110.30315,12742.86528,11720.75378,3418.740402,7528.538223,113.4187221,,,,,,,
108,1531,8397,6981,247,2505,1236,20897,-1296.025215,3742.874585,10690.85273,5270.906228,7939.539774,1531.390262,,,,,,,
137,3087,8080,8282,661,721,36,20867,-1004.864521,6192.463571,8148.247369,4003.939513,18928.25551,104.6099631,,,,,,,
379,4048,5164,10391,130,813,179,20725,-465.120171,17105.77543,4408.280283,4574.612088,21362.71358,217.6428772,,,,,,,
17,5876,6157,2933,839,370,4478,20653,57.67881983,10314.39487,15399.85431,7112.215308,5701.858332,4987.866729,,,,,,,
231,2344,10678,3828,1439,1566,490,20345,-1168.267825,-7353.045214,15084.7318,3766.978462,7330.030429,732.6816369,,,,,,,
321,9155,1897,5167,2714,228,1113,20274,1779.272556,19639.14759,9639.872058,2991.716916,11366.09332,1230.007147,,,,,,,
99,9658,2182,1909,5639,215,323,19926,2040.874829,12883.55149,13438.00781,-498.9935748,5470.060546,395.5926285,,,,,,,
76,717,3587,6532,7530,529,894,19789,-2043.949265,17523.77606,8469.669646,-3409.933977,12694.40425,979.4209484,,,,,,,
288,16260,594,1296,848,445,258,19701,5216.536834,15045.22744,13763.58722,5512.926543,3594.091716,371.7651881,,,,,,,
269,15218,258,1138,2516,333,204,19667,4711.049308,15893.51387,13713.64279,3498.733835,3386.654918,293.1800446,,,,,,,
220,14755,899,1382,1765,56,749,19606,4393.583601,15661.79218,13832.68111,4613.926549,4986.858515,884.1165015,,,,,,,
117,6990,3880,5380,1647,319,1160,19376,821.7553019,14774.56028,10316.06102,4056.126489,12374.67675,1331.959765,,,,,,,
110,11818,1648,1694,2276,169,1647,19252,3038.522733,15699.06674,14075.38093,4312.648493,4567.371969,1878.072624,,,,,,,
412,97,3605,12400,98,2970,62,19232,-1566.140695,22339.8817,1746.967851,4133.568075,15434.17641,197.7498532,,,,,,,
27,14276,803,3045,485,100,518,19227,4226.791606,17959.74339,11725.86147,5753.242955,8375.185551,631.0558684,,,,,,,
116,11173,2521,3355,1517,310,222,19098,2831.658702,13521.18932,11967.05987,4142.856737,8823.004036,326.862214,,,,,,,
398,11442,1032,582,5390,74,247,18767,2927.209185,13745.65484,14610.16007,-25.66679182,3243.126265,338.9752424,,,,,,,
8,5963,3648,6192,425,1716,750,18694,797.0849197,14667.72245,9447.922801,5114.396187,8398.935395,970.9729863,,,,,,,
58,13779,1970,1648,596,227,436,18656,4044.221524,12551.65707,13966.27414,5667.823596,5706.415839,589.5693786,,,,,,,
419,8861,3783,2223,633,1580,1521,18601,2063.581876,9462.861143,14657.74509,5907.35851,782.2159375,1857.45546,,,,,,,
115,11134,793,2988,2715,276,610,18516,2859.23527,18233.8607,11802.36098,3018.492563,7056.863177,740.1087941,,,,,,,
414,5969,1990,3417,5679,1135,290,18480,688.4358471,14998.73171,11728.58507,-958.5097502,4388.96816,420.0811799,,,,,,,
394,12377,865,3204,1398,149,452,18445,3412.438452,18059.1558,11539.3099,4502.177585,8419.480723,570.8650945,,,,,,,
410,6633,2096,4563,1389,1860,1892,18433,1144.715926,17980.17596,11209.13774,4886.381262,2920.452748,2229.048325,,,,,,,
336,13970,1511,1330,650,146,778,18385,4123.52233,13877.0238,14276.11166,5844.487295,4979.135161,963.9275078,,,,,,,
223,2790,2527,5265,5612,788,1360,18342,-915.0103765,18589.05683,9948.543235,-671.4780558,8750.967525,1555.619757,,,,,,,
185,8170,6448,1139,2181,58,247,18243,1341.156109,311.9047892,16319.56122,3357.342997,7163.812182,421.8424143,,,,,,,
342,255,5758,5923,349,4595,1328,18208,-1093.720521,7370.071742,11489.22874,5262.166924,-4135.526185,1790.436857,,,,,,,
147,9203,3373,2707,1286,1082,526,18177,2160.468796,10167.67026,13440.01236,4522.308739,4427.350016,739.1072795,,,,,,,
55,5264,3683,5005,1057,2024,1130,18163,572.4871668,13177.04703,11126.3254,4677.871838,4409.431558,1424.645249,,,,,,,
313,9784,925,2405,4447,183,297,18041,2244.449329,16793.05205,12408.809,788.9661564,6371.341533,399.3017224,,,,,,,
385,11635,922,1614,2583,192,1068,18014,3077.416165,16557.38698,13723.78623,3594.958437,4510.567724,1266.831005,,,,,,,
26,9898,961,2861,3151,242,833,17946,2302.135818,18080.20326,12103.88828,2560.987814,6789.470553,994.6300226,,,,,,,
130,7149,2428,699,6316,395,911,17898,1029.522142,11331.46649,15335.91744,-1022.187651,1960.55969,1105.803168,,,,,,,
260,9193,4885,2157,327,780,548,17890,2061.286899,5585.014406,14745.94461,5669.918084,5458.298009,783.1181818,,,,,,,
438,10290,1981,2232,1038,168,2125,17834,2403.045384,16369.80036,13813.31178,5833.705991,5620.264954,2438.563189,,,,,,,
153,3463,9250,2368,779,302,1627,17789,-844.500855,-3048.549819,16546.80301,5325.733328,8702.721806,1975.058223,,,,,,,
295,7588,1897,5234,417,2208,254,17598,1807.037947,16464.90507,9893.759788,5044.128875,4208.825956,475.384907,,,,,,,
263,2153,1115,6684,4324,2894,411,17581,-514.3568387,20984.53025,7811.823907,144.7536917,2866.56195,626.7050893,,,,,,,
119,8258,2344,2147,3896,266,635,17546,1551.960749,13172.38574,13493.19679,1529.427124,5931.632649,805.6495064,,,,,,,
329,5113,1486,4583,5127,492,739,17540,176.0815062,19376.85402,10144.60952,-271.2678666,8951.994668,882.3957319,,,,,,,
179,3157,4888,2500,4477,273,2165,17460,-911.7690861,9792.412158,14606.98057,1357.677464,6216.577028,2494.553398,,,,,,,
90,11405,596,1638,3347,69,360,17415,3009.036064,16499.60362,13290.78976,2266.153998,5440.283988,491.4496935,,,,,,,
272,514,8323,6869,529,93,1040,17368,-2184.325509,5638.473974,10357.49979,4614.700405,18380.93512,1268.742208,,,,,,,
428,3047,5970,4910,2198,850,317,17292,-734.1301336,6992.027741,11667.60638,2670.645662,10734.75711,509.5081957,,,,,,,
261,7858,1110,1094,6818,49,287,17216,1358.855578,14700.3798,14023.3224,-1976.405918,4140.904162,399.8114694,,,,,,,
247,13569,346,489,2077,44,659,17184,4011.893838,15673.85446,14767.95547,4163.045204,3241.923563,843.8957402,,,,,,,
208,1537,3748,5838,1859,3381,806,17169,-705.5824099,12805.97153,10309.19137,3256.26799,343.9631813,1149.277382,,,,,,,
222,5041,1115,2856,7496,256,375,17139,116.622957,17539.9037,11886.7705,-3066.632483,6421.144891,481.0878065,,,,,,,
15,10253,1114,3821,397,964,412,16961,2749.143614,17568.82566,11138.25164,5426.902506,6463.548649,606.8197604,,,,,,,
172,955,5479,6536,333,2840,707,16850,-1127.701763,9558.348286,10088.82426,4814.487995,5082.44886,1040.139144,,,,,,,
345,1198,2602,8335,402,3843,303,16683,-652.2406117,18300.5646,6738.741315,4386.712417,3362.223392,604.3284251,,,,,,,
161,12434,540,283,1092,3,2233,16585,3451.854619,17364.25147,15684.87642,6150.09806,1987.008116,2586.211336,,,,,,,
78,10766,1175,2067,2096,301,167,16572,2831.238505,15041.36053,13068.74106,3498.938505,5918.253908,322.4389384,,,,,,,
429,8607,1750,3580,47,84,2501,16569,1680.273379,19698.61321,12242.43535,6922.781624,8384.176062,2862.062505,,,,,,,
51,3347,4051,6996,239,1538,301,16472,-304.6723119,14378.89842,8529.923469,4755.529515,11377.95628,517.3840265,,,,,,,
191,13624,295,1381,890,43,84,16317,4121.951039,16141.80351,13529.93323,5094.329841,5665.36994,233.4531377,,,,,,,
389,9385,1530,1422,3019,227,684,16267,2161.24157,14162.09692,14150.79184,2695.829233,4563.141011,894.3254439,,,,,,,
395,9602,1316,1263,2921,841,290,16233,2450.440432,13284.9489,14263.54827,2631.445208,1873.834452,498.1065663,,,,,,,
139,5387,4979,3343,825,637,929,16100,364.0751255,8106.377999,13463.99731,4901.122134,8050.621676,1214.461408,,,,,,,
291,6022,3354,3261,2507,212,686,16042,584.5709838,12339.42427,12653.57974,2862.061652,8975.947371,899.6989294,,,,,,,
292,2838,3086,4329,3838,825,1060,15976,-726.2839518,15002.40513,11420.77552,1246.080966,7710.795071,1315.397671,,,,,,,
50,6269,1095,1980,3860,609,2162,15975,794.352701,18400.54822,13829.79461,2334.88501,2425.204126,2516.970597,,,,,,,
246,8885,2428,1777,1777,430,610,15907,1996.920649,11969.38871,14166.491,4011.477292,5029.843963,846.6834209,,,,,,,
122,12212,201,245,1991,25,860,15534,3481.676632,16062.7214,15146.07342,4278.975184,2722.502678,1102.364788,,,,,,,
236,8635,820,3047,2312,415,225,15454,1956.674732,17577.04818,11785.52466,3025.875137,7118.062816,399.7710133,,,,,,,
372,3884,3801,1641,876,397,4829,15428,-483.3853427,15095.67388,16363.22093,7177.186955,2107.839614,5484.638899,,,,,,,
64,4760,1227,3250,3724,1247,1145,15353,350.7936412,17866.80265,12135.21262,1678.112772,3057.412882,1440.939512,,,,,,,
199,9670,2280,2112,520,402,347,15331,2406.97045,12320.72707,13668.79041,5316.301571,6204.373002,575.4318981,,,,,,,
366,9561,2217,1664,1173,222,447,15284,2305.42235,12181.38383,14170.26355,4651.160101,5900.962823,676.0379596,,,,,,,
96,23,2616,8118,145,3874,217,14993,-1073.768067,17787.68576,7072.877065,4541.640524,3016.454891,555.5842018,,,,,,,
411,2126,3289,3281,1535,235,4365,14831,-1270.581814,18489.6269,13922.77122,5848.700947,6029.832252,4952.153775,,,,,,,
316,7127,1375,2201,2679,83,1059,14524,1182.95794,16553.76644,13299.51904,3038.126649,6436.034244,1327.273055,,,,,,,
388,9785,848,1172,1677,200,406,14088,2508.517247,14988.27055,14222.90068,4092.54302,4502.969443,646.1488592,,,,,,,
69,8352,2820,1293,779,656,144,14044,1944.686894,9180.253717,14940.89677,4870.241829,3946.047956,410.268569,,,,,,,
128,140,8847,3823,142,1062,3,14017,-1851.990902,-2957.631585,14374.67027,4694.331268,9691.358211,311.0495089,,,,,,,
31,2612,4339,3133,2088,820,985,13977,-723.3715513,9616.389176,13554.83882,3276.640784,6425.353793,1320.169764,,,,,,,
317,1182,3088,6114,978,821,1637,13820,-1363.711921,18467.32535,9599.288099,4551.732896,11266.80106,1994.464453,,,,,,,
235,1838,6380,2824,1218,1216,295,13771,-974.1646769,2307.863842,14685.80678,3852.765807,5696.167365,623.3999112,,,,,,,
212,7291,1012,2062,1291,240,1775,13671,1339.949805,18157.45586,13683.63989,5074.561771,5034.720664,2145.927784,,,,,,,
286,7149,2247,1242,1619,1226,128,13611,1582.057176,10199.63777,14866.38728,3830.30947,1039.941513,421.2414737,,,,,,,
399,9612,577,935,1601,469,375,13569,2541.994774,15043.73849,14475.95351,4174.664836,2844.056315,639.3180857,,,,,,,
146,7769,1936,2177,926,73,520,13401,1563.843438,14001.81019,13497.27775,4764.936966,7480.102188,783.5684889,,,,,,,
194,7107,1012,2974,806,355,1142,13396,1331.980199,18405.44306,12394.85808,5159.47684,6911.30175,1459.495779,,,,,,,
133,9434,1042,1235,436,256,396,12799,2445.061198,14408.56669,14336.95802,5463.573329,4751.379214,678.5470568,,,,,,,
21,5567,871,2010,3383,375,569,12775,682.3665086,16662.6514,13270.86878,1830.169511,4973.528705,839.5857234,,,,,,,
374,6338,2256,1668,1492,311,686,12751,993.6481702,12553.17419,14373.61697,4155.944545,5399.21041,997.3834214,,,,,,,
134,7388,1882,2174,720,47,537,12748,1424.128607,14183.88401,13514.11306,4973.264886,7617.778593,816.7990996,,,,,,,
390,3352,1181,1328,5502,311,1000,12674,-382.6000171,15846.21832,14297.83553,-451.565722,3333.872923,1304.039682,,,,,,,
66,9,1534,7417,175,3468,27,12630,-1008.616256,19586.52765,7440.85412,4408.127262,3256.759273,378.546026,,,,,,,
270,4720,1032,975,5500,197,56,12480,270.4431676,14220.51012,14343.28572,-881.5443865,3893.884796,274.7553273,,,,,,,
80,7005,829,3009,430,610,529,12412,1446.920682,17696.53651,12180.92512,5214.469743,6431.927318,826.9099487,,,,,,,
308,6987,1020,3007,416,257,656,12343,1338.196027,17708.80481,12233.71918,5288.670929,7927.499367,950.4749334,,,,,,,
79,1640,3259,3655,868,1202,1653,12277,-957.3608225,13896.04958,12879.95507,4943.970935,5074.875875,2100.939578,,,,,,,
326,4414,1610,1431,3498,387,834,12174,164.4561238,14315.9612,14409.40332,1815.691127,3899.154738,1156.978298,,,,,,,
167,2926,3195,3268,405,1680,693,12167,-186.7148753,11408.88638,13138.25097,5057.028881,3142.296953,1088.519797,,,,,,,
405,6884,1046,1167,2069,593,378,12137,1397.268972,14229.43816,14451.99909,3401.280206,2920.601795,679.8894894,,,,,,,
363,4627,997,4438,191,1335,314,11902,586.6965867,18549.94153,10589.24655,5076.744109,6346.608183,627.7278892,,,,,,,
135,6300,1289,2591,1170,199,326,11875,1039.660313,15988.41769,12729.88631,4206.787421,7655.154596,599.7555336,,,,,,,
148,5924,584,542,4052,283,434,11819,890.804972,15065.00543,14923.64979,1127.60185,2489.151653,719.5717577,,,,,,,
121,4020,3234,1498,2395,264,255,11666,-26.37224007,9270.932225,14848.17361,2691.825355,5921.743649,553.7906587,,,,,,,
169,5414,717,2155,2399,69,750,11504,610.1496345,17758.6941,13113.96573,3011.100377,6592.574984,1054.44335,,,,,,,
271,2083,5007,1563,1120,147,1550,11470,-1024.717362,6882.995396,15971.59379,4765.040664,6417.423537,1992.714559,,,,,,,
383,1821,1364,3450,4006,397,361,11399,-954.3226975,17453.33777,11656.00237,563.1444476,7952.856112,626.8769817,,,,,,,
400,4446,906,1238,3576,153,1014,11333,177.3574976,16356.29113,14398.2734,1831.047336,4129.925641,1355.195918,,,,,,,
227,4042,2204,1563,2286,263,689,11047,28.79685901,12744.218,14513.15424,3060.349097,5318.147466,1031.597969,,,,,,,
348,3428,2380,2028,1341,1184,665,11026,-2.433769096,12086.63205,14234.90746,4081.039629,2494.002779,1057.967819,,,,,,,
386,1206,3620,2857,1945,353,967,10948,-1287.801319,11492.40454,13625.26468,3289.26901,7804.275325,1342.495065,,,,,,,
224,7274,659,1499,784,70,659,10945,1514.059388,16521.49874,13961.56739,5001.537101,5705.564458,988.3454782,,,,,,,
280,3366,2884,2431,977,167,1104,10929,-327.1157258,12958.71055,13892.9336,4672.326958,7556.662307,1488.396382,,,,,,,
174,286,1208,5241,2515,153,1442,10845,-1725.170927,22486.70231,9757.25891,2616.362675,11748.29019,1794.485524,,,,,,,
204,1956,891,5226,1383,5,1328,10789,-975.8720974,23060.65515,9621.362508,3965.968686,12532.53395,1669.442341,,,,,,,
233,964,4984,3316,937,409,7,10617,-1350.331619,6963.338287,13368.66724,3815.787129,9992.585393,320.4983872,,,,,,,
391,2647,2761,2313,907,95,1827,10550,-680.0541325,14344.21057,14232.74006,5129.870589,7015.334436,2283.453295,,,,,,,
95,3,2920,6252,440,223,709,10547,-1817.086206,18150.64295,9079.437239,4448.812875,15070.4833,1025.201961,,,,,,,
290,2708,2160,2642,502,965,1522,10499,-385.7577296,15122.65083,13675.12022,5424.224217,3978.128283,1990.793882,,,,,,,
192,5509,1461,2251,547,187,409,10364,763.1042753,15132.08873,13336.7881,4922.353087,7239.590427,735.1591736,,,,,,,
359,796,5878,2109,340,232,776,10131,-1494.198933,4111.643214,15502.97985,5041.525286,8297.01657,1190.597671,,,,,,,
433,1982,3218,1493,1541,356,1449,10039,-881.5029298,11141.23196,15367.3517,4209.383043,4734.961979,1906.10135,,,,,,,
378,3225,3294,1902,282,68,1114,9885,-359.6023061,11116.35661,14774.16686,5495.870402,7304.443125,1534.123077,,,,,,,
238,7363,475,585,1112,72,216,9823,1646.933323,14909.26517,14906.81863,4438.580863,4242.563525,537.5370269,,,,,,,
392,518,4180,3600,659,122,654,9733,-1584.111327,10780.40577,12883.78323,4433.626153,10996.24057,1022.572159,,,,,,,
250,3191,1993,1799,1730,234,710,9657,-276.4900256,13698.3834,14213.09924,3605.332702,5955.423039,1084.067557,,,,,,,
375,5841,1450,1162,597,476,70,9596,1056.007422,12676.90754,14663.32509,4791.401276,4220.228776,411.1186856,,,,,,,
350,3521,1099,1997,1796,173,995,9581,-127.7852483,16839.59494,13677.44917,3700.377167,5988.068819,1381.896679,,,,,,,
206,6373,780,950,878,288,285,9554,1257.924323,14614.20334,14669.9587,4646.37568,4127.065009,630.707743,,,,,,,
186,3009,521,854,3470,949,727,9530,-134.5036333,15657.08693,14868.00314,1720.553064,150.0338533,1127.066777,,,,,,,
320,1774,3696,2280,514,275,834,9373,-937.966676,10099.69011,14435.02129,4923.2103,7512.174984,1248.444079,,,,,,,
168,5809,735,803,1393,79,429,9248,953.9536136,14992.76118,14829.87381,4099.236363,4530.582185,781.2030968,,,,,,,
151,1289,3328,2022,531,255,1774,9199,-1185.809286,12210.20209,14918.08292,5444.611034,6172.89417,2277.157697,,,,,,,
228,1869,577,572,950,4762,203,8933,439.4908238,10686.29031,16001.94538,4397.952049,-15897.87699,794.4924948,,,,,,,
344,3043,1172,1763,2234,217,379,8808,-265.6889339,15323.08955,13817.44531,2810.523868,5855.136152,729.5459791,,,,,,,
369,6211,337,683,1089,41,296,8657,1181.885511,15620.56803,14797.41945,4400.320086,4498.579697,647.4610134,,,,,,,
219,4155,367,1390,2306,86,130,8434,262.4907882,16526.01935,13847.30205,2686.371321,5596.82619,455.4798852,,,,,,,
361,4734,607,864,1206,159,405,7975,565.8303013,15337.52318,14770.456,4200.00388,4362.841738,787.7588671,,,,,,,
362,2121,1601,2453,560,179,712,7626,-641.3469464,15710.53185,13357.66964,4778.70474,7586.017553,1126.838854,,,,,,,
439,2787,1698,2510,65,477,52,7589,-224.9608093,14149.02175,13191.5709,5012.414493,7093.240176,427.0051384,,,,,,,
364,2615,873,1524,1103,514,468,7097,-266.276652,15525.22258,14198.82292,4140.358195,4204.592031,890.513056,,,,,,,
274,894,1703,1841,744,759,1153,7094,-1037.306673,14767.54757,14445.71059,4811.627632,3577.089343,1658.477868,,,,,,,
34,1502,1979,2262,425,483,395,7046,-802.6853025,13666.34427,13740.85633,4722.854459,6379.502863,817.2875039,,,,,,,
367,3477,894,534,1457,252,342,6956,71.45331056,13973.11735,15331.38392,3801.993258,3502.175336,752.197271,,,,,,,
184,327,918,4710,74,334,11,6374,-1299.233157,19732.66277,10140.59745,4568.499046,11684.55392,366.8967375,,,,,,,
203,583,685,2216,469,954,18,4925,-919.9920299,15993.75433,13320.39962,4375.420667,4143.686378,466.5266518,,,,,,,
352,608,1106,1533,830,90,195,4362,-1124.896964,14921.32366,14228.73607,4086.617564,6550.319225,636.8137824,,,,,,,
299,444,879,2060,264,290,259,4196,-1130.636554,16204.03256,13572.78016,4719.210085,6657.634236,716.6454867,,,,,,,
327,542,899,1664,414,88,522,4129,-1147.833747,16152.29082,14114.62051,4737.157493,6536.547371,998.6383933,,,,,,,
275,680,1610,223,862,96,379,3850,-1077.329322,11879.43319,16148.56517,4278.815234,4090.260225,870.9744823,,,,,,,
131,2101,589,314,346,70,310,3730,-394.2312245,14487.70122,15607.07962,4923.84542,4120.491422,789.8419884,,,,,,,
355,190,727,2012,245,184,127,3485,-1222.37282,16416.52208,13533.02292,4634.069266,7109.197337,582.4095548,,,,,,,
98,503,112,778,895,56,132,2476,-1038.660395,16291.2372,14800.55035,4008.837577,4982.801521,608.5136756,,,,,,,
97,403,254,610,774,54,63,2158,-1065.074135,15545.50241,15063.0069,4110.569881,4822.454328,544.8124584,,,,,,,
154,622,55,137,75,7,8,904,-887.9906156,15213.06711,15619.32722,4920.767759,4271.960581,520.4342221,,,,,,,
